,event_name,season,match_number,date,city,venue,team1,team2,toss_winner,toss_decision,team1_runs,team1_wickets,team2_runs,team2_wickets,winner,result_type,win_by_runs,win_by_wickets,player_of_match,match_referee,umpire1,umpire2,tv_umpire,reserve_umpire,match_type,overs_limit,balls_per_over,gender,team_type,team1_players,team2_players
0,Indian Premier League,2007/08,1.0,18-04-2008,Bangalore,M Chinnaswamy Stadium,Royal Challengers Bangalore,Kolkata Knight Riders,Royal Challengers Bangalore,field,82,10,222,3,Kolkata Knight Riders,complete,140,0,BB McCullum,J Srinath,Asad Rauf,RE Koertzen,AM Saheba,VN Kulkarni,T20,20,6,male,club,"R Dravid, W Jaffer, V Kohli, JH Kallis, CL White, MV Boucher, B Akhil, AA Noffke, P Kumar, Z Khan, SB Joshi","SC Ganguly, BB McCullum, RT Ponting, DJ Hussey, Mohammad Hafeez, LR Shukla, WP Saha, AB Agarkar, AB Dinda, M Kartik, I Sharma"
1,Indian Premier League,2007/08,2.0,19-04-2008,Chandigarh,"Punjab Cricket Association Stadium, Mohali",Kings XI Punjab,Chennai Super Kings,Chennai Super Kings,bat,207,4,240,5,Chennai Super Kings,complete,33,0,MEK Hussey,S Venkataraghavan,MR Benson,SL Shastri,RB Tiffin,MSS Ranawat,T20,20,6,male,club,"K Goel, JR Hopes, KC Sangakkara, Yuvraj Singh, SM Katich, IK Pathan, P Dharmani, B Lee, PP Chawla, WA Mota, S Sreesanth","PA Patel, ML Hayden, MEK Hussey, MS Dhoni, SK Raina, JDP Oram, S Badrinath, Joginder Sharma, P Amarnath, MS Gony, M Muralitharan"
2,Indian Premier League,2007/08,3.0,19-04-2008,Delhi,Feroz Shah Kotla,Delhi Daredevils,Rajasthan Royals,Rajasthan Royals,bat,132,1,129,8,Delhi Daredevils,complete,0,9,MF Maharoof,GR Viswanath,Aleem Dar,GA Pratapkumar,IL Howell,Unknown,T20,20,6,male,club,"G Gambhir, V Sehwag, S Dhawan, MK Tiwary, KD Karthik, R Bhatia, M Manhas, DL Vettori, MF Maharoof, B Geeves, GD McGrath","T Kohli, YK Pathan, SR Watson, M Kaif, DS Lehmann, RA Jadeja, M Rawat, D Salunkhe, SK Warne, SK Trivedi, MM Patel"
3,Indian Premier League,2007/08,4.0,20-04-2008,Kolkata,Eden Gardens,Kolkata Knight Riders,Deccan Chargers,Deccan Chargers,bat,112,5,110,10,Kolkata Knight Riders,complete,0,5,DJ Hussey,FM Engineer,BF Bowden,K Hariharan,Asad Rauf,F Gomes,T20,20,6,male,club,"WP Saha, BB McCullum, RT Ponting, SC Ganguly, DJ Hussey, Mohammad Hafeez, LR Shukla, AB Agarkar, AB Dinda, M Kartik, I Sharma","AC Gilchrist, Y Venugopal Rao, VVS Laxman, A Symonds, RG Sharma, SB Styris, AS Yadav, SB Bangar, WPUJC Vaas, RP Singh, PP Ojha"
4,Indian Premier League,2007/08,5.0,20-04-2008,Mumbai,Wankhede Stadium,Mumbai Indians,Royal Challengers Bangalore,Mumbai Indians,bat,165,7,166,5,Royal Challengers Bangalore,complete,0,5,MV Boucher,J Srinath,SJ Davis,DJ Harper,AV Jayaprakash,SN Bandekar,T20,20,6,male,club,"L Ronchi, ST Jayasuriya, DJ Thornely, RV Uthappa, PR Shah, AM Nayar, SM Pollock, Harbhajan Singh, MA Khote, A Nehra, DS Kulkarni","S Chanderpaul, R Dravid, LRPL Taylor, JH Kallis, V Kohli, MV Boucher, B Akhil, P Kumar, Z Khan, SB Joshi, R Vinay Kumar"
5,Indian Premier League,2007/08,6.0,21-04-2008,Jaipur,Sawai Mansingh Stadium,Rajasthan Royals,Kings XI Punjab,Kings XI Punjab,bat,168,4,166,8,Rajasthan Royals,complete,0,6,SR Watson,S Venkataraghavan,Aleem Dar,RB Tiffin,I Shivram,MSS Ranawat,T20,20,6,male,club,"M Kaif, Kamran Akmal, YK Pathan, SR Watson, DS Lehmann, RA Jadeja, Pankaj Singh, D Salunkhe, SK Warne, SK Trivedi, MM Patel","K Goel, JR Hopes, KC Sangakkara, DPMD Jayawardene, Yuvraj Singh, IK Pathan, S Sohal, B Lee, PP Chawla, WA Mota, S Sreesanth"
6,Indian Premier League,2007/08,7.0,22-04-2008,Hyderabad,"Rajiv Gandhi International Stadium, Uppal",Deccan Chargers,Delhi Daredevils,Deccan Chargers,bat,142,8,143,1,Delhi Daredevils,complete,0,9,V Sehwag,Talat Ali,IL Howell,AM Saheba,MR Benson,C Shamshuddin,T20,20,6,male,club,"AC Gilchrist, Y Venugopal Rao, VVS Laxman, A Symonds, RG Sharma, Shahid Afridi, SB Bangar, AS Yadav, WPUJC Vaas, RP Singh, PP Ojha","G Gambhir, V Sehwag, S Dhawan, Shoaib Malik, KD Karthik, MK Tiwary, R Bhatia, MF Maharoof, Mohammad Asif, VY Mahesh, GD McGrath"
7,Indian Premier League,2007/08,8.0,23-04-2008,Chennai,"MA Chidambaram Stadium, Chepauk",Chennai Super Kings,Mumbai Indians,Mumbai Indians,field,208,5,202,7,Chennai Super Kings,complete,6,0,ML Hayden,FM Engineer,DJ Harper,GA Pratapkumar,BF Bowden,S Ravi,T20,20,6,male,club,"PA Patel, ML Hayden, MEK Hussey, SK Raina, MS Dhoni, JDP Oram, S Badrinath, Joginder Sharma, P Amarnath, MS Gony, M Muralitharan","L Ronchi, ST Jayasuriya, RV Uthappa, SM Pollock, DJ Bravo, AM Nayar, MA Khote, Harbhajan Singh, A Nehra, VS Yeligati, DS Kulkarni"
8,Indian Premier League,2007/08,9.0,24-04-2008,Hyderabad,"Rajiv Gandhi International Stadium, Uppal",Deccan Chargers,Rajasthan Royals,Rajasthan Royals,field,214,5,217,7,Rajasthan Royals,complete,0,3,YK Pathan,S Venkataraghavan,Asad Rauf,MR Benson,SL Shastri,C Shamshuddin,T20,20,6,male,club,"AC Gilchrist, VVS Laxman, Shahid Afridi, A Symonds, RG Sharma, AS Yadav, SB Bangar, WPUJC Vaas, RP Singh, PP Ojha, D Kalyankrishna","Kamran Akmal, GC Smith, YK Pathan, SR Watson, M Kaif, RA Jadeja, SK Warne, D Salunkhe, Pankaj Singh, SK Trivedi, MM Patel"
9,Indian Premier League,2007/08,10.0,25-04-2008,Chandigarh,"Punjab Cricket Association Stadium, Mohali",Kings XI Punjab,Mumbai Indians,Mumbai Indians,field,182,10,116,9,Kings XI Punjab,complete,66,0,KC Sangakkara,FM Engineer,Aleem Dar,AM Saheba,RE Koertzen,HS Sekhon,T20,20,6,male,club,"K Goel, IK Pathan, KC Sangakkara, Yuvraj Singh, RR Sarwan, DPMD Jayawardene, S Sohal, B Lee, PP Chawla, S Sreesanth, VRV Singh","L Ronchi, ST Jayasuriya, RV Uthappa, DJ Bravo, SS Tiwary, SM Pollock, AM Nayar, Harbhajan Singh, MA Khote, DS Kulkarni, A Nehra"
10,Indian Premier League,2007/08,11.0,26-04-2008,Chennai,"MA Chidambaram Stadium, Chepauk",Chennai Super Kings,Kolkata Knight Riders,Kolkata Knight Riders,bat,152,1,147,9,Chennai Super Kings,complete,0,9,JDP Oram,Talat Ali,BF Bowden,AV Jayaprakash,SJ Davis,S Ravi,T20,20,6,male,club,"PA Patel, ML Hayden, MS Dhoni, MEK Hussey, S Badrinath, SK Raina, JDP Oram, Joginder Sharma, P Amarnath, MS Gony, M Muralitharan","SC Ganguly, BB McCullum, RT Ponting, WP Saha, DJ Hussey, Mohammad Hafeez, LR Shukla, AB Agarkar, M Kartik, I Sharma, AB Dinda"
11,Indian Premier League,2007/08,12.0,26-04-2008,Bangalore,M Chinnaswamy Stadium,Royal Challengers Bangalore,Rajasthan Royals,Rajasthan Royals,field,135,8,138,3,Rajasthan Royals,complete,0,7,SR Watson,J Srinath,MR Benson,IL Howell,GA Pratapkumar,SK Tarapore,T20,20,6,male,club,"S Chanderpaul, R Dravid, LRPL Taylor, JH Kallis, V Kohli, MV Boucher, P Kumar, SB Joshi, Z Khan, R Vinay Kumar, A Kumble","GC Smith, M Rawat, YK Pathan, SR Watson, M Kaif, RA Jadeja, D Salunkhe, SK Warne, Sohail Tanvir, SK Trivedi, MM Patel"
12,Indian Premier League,2007/08,13.0,27-04-2008,Chandigarh,"Punjab Cricket Association Stadium, Mohali",Kings XI Punjab,Delhi Daredevils,Delhi Daredevils,bat,162,6,158,8,Kings XI Punjab,complete,0,4,SM Katich,FM Engineer,RE Koertzen,I Shivram,Aleem Dar,MS Mahal,T20,20,6,male,club,"K Goel, SM Katich, KC Sangakkara, DPMD Jayawardene, Yuvraj Singh, TM Srivastava, IK Pathan, B Lee, PP Chawla, S Sreesanth, VRV Singh","G Gambhir, V Sehwag, S Dhawan, Shoaib Malik, MK Tiwary, KD Karthik, R Bhatia, MF Maharoof, VY Mahesh, Mohammad Asif, GD McGrath"
13,Indian Premier League,2007/08,14.0,27-04-2008,Mumbai,Dr DY Patil Sports Academy,Mumbai Indians,Deccan Chargers,Deccan Chargers,field,154,7,155,0,Deccan Chargers,complete,0,10,AC Gilchrist,S Venkataraghavan,Asad Rauf,SL Shastri,DJ Harper,VD Nerurkar,T20,20,6,male,club,"L Ronchi, ST Jayasuriya, AM Rahane, RV Uthappa, SM Pollock, AM Nayar, DJ Bravo, MA Khote, A Nehra, DS Kulkarni, SD Chitnis","AC Gilchrist, VVS Laxman, A Symonds, RG Sharma, Shahid Afridi, SB Bangar, AS Yadav, RP Singh, PP Ojha, D Kalyankrishna, DNT Zoysa"
14,Indian Premier League,2007/08,15.0,28-04-2008,Bangalore,M Chinnaswamy Stadium,Royal Challengers Bangalore,Chennai Super Kings,Chennai Super Kings,bat,165,10,178,5,Chennai Super Kings,complete,13,0,MS Dhoni,J Srinath,BR Doctrove,RB Tiffin,K Hariharan,Unknown,T20,20,6,male,club,"B Chipli, W Jaffer, LRPL Taylor, JH Kallis, MV Boucher, V Kohli, R Dravid, P Kumar, Z Khan, B Akhil, DW Steyn","PA Patel, ML Hayden, MEK Hussey, SK Raina, MS Dhoni, JDP Oram, S Badrinath, JA Morkel, Joginder Sharma, P Amarnath, MS Gony"
15,Indian Premier League,2007/08,16.0,29-04-2008,Kolkata,Eden Gardens,Kolkata Knight Riders,Mumbai Indians,Kolkata Knight Riders,bat,137,8,138,3,Mumbai Indians,complete,0,7,ST Jayasuriya,S Venkataraghavan,BF Bowden,AV Jayaprakash,MR Benson,SK Porel,T20,20,6,male,club,"BB McCullum, SC Ganguly, RT Ponting, DB Das, DJ Hussey, Mohammad Hafeez, LR Shukla, AB Agarkar, M Kartik, I Sharma, AB Dinda","AM Rahane, ST Jayasuriya, MK Pandey, RV Uthappa, DJ Bravo, SM Pollock, AM Nayar, A Nehra, DS Kulkarni, CRD Fernando, PR Shah"
16,Indian Premier League,2007/08,17.0,30-04-2008,Delhi,Feroz Shah Kotla,Delhi Daredevils,Royal Challengers Bangalore,Royal Challengers Bangalore,field,191,5,181,5,Delhi Daredevils,complete,10,0,GD McGrath,CH Lloyd,Aleem Dar,I Shivram,IL Howell,AK Chaudhary,T20,20,6,male,club,"G Gambhir, V Sehwag, S Dhawan, Shoaib Malik, KD Karthik, MK Tiwary, R Bhatia, DL Vettori, Mohammad Asif, VY Mahesh, GD McGrath","P Kumar, W Jaffer, LRPL Taylor, JH Kallis, R Dravid, MV Boucher, V Kohli, Z Khan, DW Steyn, R Vinay Kumar, SB Joshi"
17,Indian Premier League,2007/08,18.0,01-05-2008,Jaipur,Sawai Mansingh Stadium,Rajasthan Royals,Kolkata Knight Riders,Rajasthan Royals,bat,196,7,151,10,Rajasthan Royals,complete,45,0,SA Asnodkar,FM Engineer,RE Koertzen,GA Pratapkumar,Asad Rauf,MSS Ranawat,T20,20,6,male,club,"GC Smith, SA Asnodkar, M Kaif, YK Pathan, SR Watson, RA Jadeja, SK Warne, Sohail Tanvir, M Rawat, SK Trivedi, MM Patel","Salman Butt, SC Ganguly, AB Agarkar, BJ Hodge, DJ Hussey, LR Shukla, DB Das, WP Saha, Umar Gul, I Sharma, AB Dinda"
18,Indian Premier League,2007/08,19.0,01-05-2008,Hyderabad,"Rajiv Gandhi International Stadium, Uppal",Deccan Chargers,Kings XI Punjab,Kings XI Punjab,field,164,8,167,3,Kings XI Punjab,complete,0,7,SE Marsh,Talat Ali,BR Doctrove,RB Tiffin,SJ Davis,C Shamshuddin,T20,20,6,male,club,"AC Gilchrist, VVS Laxman, HH Gibbs, RG Sharma, Shahid Afridi, Y Venugopal Rao, SB Bangar, DNT Zoysa, D Kalyankrishna, RP Singh, PP Ojha","SE Marsh, RR Sarwan, KC Sangakkara, Yuvraj Singh, DPMD Jayawardene, K Goel, IK Pathan, PP Chawla, S Sreesanth, VRV Singh, Gagandeep Singh"
19,Indian Premier League,2007/08,20.0,02-05-2008,Chennai,"MA Chidambaram Stadium, Chepauk",Chennai Super Kings,Delhi Daredevils,Chennai Super Kings,bat,169,6,172,2,Delhi Daredevils,complete,0,8,V Sehwag,S Venkataraghavan,BF Bowden,K Hariharan,MR Benson,S Ravi,T20,20,6,male,club,"PA Patel, SP Fleming, S Vidyut, MS Dhoni, JA Morkel, SK Raina, S Badrinath, Joginder Sharma, M Ntini, MS Gony, M Muralitharan","G Gambhir, V Sehwag, AB de Villiers, S Dhawan, Shoaib Malik, KD Karthik, R Bhatia, VY Mahesh, GD McGrath, PJ Sangwan, Mohammad Asif"
