player_name,runs,matches,average,strike_rate
Shubman Gill,890,17,59.33,157.80
Faf du Plessis,730,14,56.15,153.68
Devon Conway,672,16,51.69,139.71
Virat Kohli,639,14,53.25,139.82
Yashasvi Jaiswal,625,14,48.08,163.61
Ruturaj Gaikwad,590,16,42.14,147.50
David Warner,516,14,36.86,131.63
Rinku Singh,474,14,59.25,149.53
Suryakumar Yadav,605,16,43.21,181.14
Rohit Sharma,332,16,20.75,120.49
Ishan Kishan,454,15,30.27,142.77
Sanju Samson,362,14,30.17,153.39
Jos Buttler,392,14,28.00,139.95
Shikhar Dhawan,373,11,41.44,142.91
Ravindra Jadeja,326,16,23.29,175.69
Axar Patel,283,14,28.30,139.90
Hardik Pandya,346,16,18.21,136.76
Rinku Singh,474,14,59.25,149.53
Tilak Varma,343,11,42.88,164.11
Nicholas Pooran,358,14,29.83,172.94
