season,team1,team2,winner,win_by_runs,win_by_wickets
2023,Gujarat Titans,Chennai Super Kings,Gujarat Titans,5,0
2023,Mumbai Indians,Royal Challengers Bangalore,Mumbai Indians,6,0
2023,Chennai Super Kings,Kolkata Knight Riders,Chennai Super Kings,49,0
2023,Rajasthan Royals,Delhi Capitals,Rajasthan Royals,57,0
2023,Kolkata Knight Riders,Royal Challengers Bangalore,Kolkata Knight Riders,0,7
2022,Gujarat Titans,Rajasthan Royals,Gujarat Titans,7,0
2022,Rajasthan Royals,Royal Challengers Bangalore,Rajasthan Royals,0,7
2022,Chennai Super Kings,Mumbai Indians,Mumbai Indians,0,5
2022,Kolkata Knight Riders,Delhi Capitals,Delhi Capitals,0,4
2022,Lucknow Super Giants,Mumbai Indians,Lucknow Super Giants,36,0
2021,Chennai Super Kings,Kolkata Knight Riders,Chennai Super Kings,2,0
2021,Royal Challengers Bangalore,Mumbai Indians,Royal Challengers Bangalore,0,2
2021,Delhi Capitals,Rajasthan Royals,Rajasthan Royals,0,3
2021,Mumbai Indians,Kolkata Knight Riders,Kolkata Knight Riders,0,7
2020,Mumbai Indians,Delhi Capitals,Mumbai Indians,5,0
2020,Royal Challengers Bangalore,Chennai Super Kings,Royal Challengers Bangalore,37,0
2020,Rajasthan Royals,Kings XI Punjab,Rajasthan Royals,0,4
2020,Kolkata Knight Riders,Sunrisers Hyderabad,Kolkata Knight Riders,7,0
2019,Mumbai Indians,Chennai Super Kings,Mumbai Indians,1,0
2019,Delhi Capitals,Sunrisers Hyderabad,Delhi Capitals,0,2
2019,Royal Challengers Bangalore,Kolkata Knight Riders,Kolkata Knight Riders,0,5
2019,Rajasthan Royals,Mumbai Indians,Mumbai Indians,0,5
2018,Chennai Super Kings,Sunrisers Hyderabad,Chennai Super Kings,8,0
2018,Kolkata Knight Riders,Rajasthan Royals,Kolkata Knight Riders,0,6
2018,Mumbai Indians,Royal Challengers Bangalore,Royal Challengers Bangalore,0,14
2018,Delhi Daredevils,Kings XI Punjab,Kings XI Punjab,0,6
